sample_group,replicate_id,co2_uptake_mmol_g
UiO-66,R01,2.842
UiO-66,R02,3.153
UiO-66,R03,2.772
UiO-66,R04,3.163
UiO-66,R05,3.549
UiO-66,R06,3.291
UiO-66,R07,3.316
UiO-66,R08,3.274
UiO-66,R09,3.122
UiO-66-NH2,R01,3.515
UiO-66-NH2,R02,3.78
UiO-66-NH2,R03,3.783
UiO-66-NH2,R04,3.933
UiO-66-NH2,R05,3.625
UiO-66-NH2,R06,3.755
UiO-66-NH2,R07,3.271
UiO-66-NH2,R08,3.64
UiO-66-NH2,R09,3.274
Activated composite,R01,4.152
Activated composite,R02,3.871
Activated composite,R03,4.136
Activated composite,R04,4.127
Activated composite,R05,4.359
Activated composite,R06,4.142
Activated composite,R07,3.815
Activated composite,R08,4.413
Activated composite,R09,3.955
