material,feed_condition,replicate_id,breakthrough_time_min_g
Sorbent A,Dry,R01,43.36
Sorbent A,Dry,R02,38.27
Sorbent A,Dry,R03,37.85
Sorbent A,Dry,R04,44.14
Sorbent A,Dry,R05,40.35
Sorbent A,Dry,R06,40.1
Sorbent A,Dry,R07,41.58
Sorbent A,Dry,R08,44.37
Sorbent A,Humid,R01,38.49
Sorbent A,Humid,R02,26.32
Sorbent A,Humid,R03,30.09
Sorbent A,Humid,R04,31.29
Sorbent A,Humid,R05,33.9
Sorbent A,Humid,R06,33.81
Sorbent A,Humid,R07,34.7
Sorbent A,Humid,R08,31.55
Sorbent B,Dry,R01,55.53
Sorbent B,Dry,R02,55.16
Sorbent B,Dry,R03,49.86
Sorbent B,Dry,R04,52.14
Sorbent B,Dry,R05,57.55
Sorbent B,Dry,R06,57.82
Sorbent B,Dry,R07,60.44
Sorbent B,Dry,R08,57.09
Sorbent B,Humid,R01,49.38
Sorbent B,Humid,R02,43.28
Sorbent B,Humid,R03,48.56
Sorbent B,Humid,R04,43.83
Sorbent B,Humid,R05,44.32
Sorbent B,Humid,R06,46.31
Sorbent B,Humid,R07,48.1
Sorbent B,Humid,R08,45.37
Sorbent C,Dry,R01,63.34
Sorbent C,Dry,R02,71.16
Sorbent C,Dry,R03,72.49
Sorbent C,Dry,R04,64.65
Sorbent C,Dry,R05,66.05
Sorbent C,Dry,R06,63.9
Sorbent C,Dry,R07,67.58
Sorbent C,Dry,R08,71.21
Sorbent C,Humid,R01,61.23
Sorbent C,Humid,R02,55.31
Sorbent C,Humid,R03,59.27
Sorbent C,Humid,R04,52.11
Sorbent C,Humid,R05,56.07
Sorbent C,Humid,R06,60.64
Sorbent C,Humid,R07,56.64
Sorbent C,Humid,R08,57.42
