condition,particle_id,crystal_size_nm
0 eq modulator,P01,157.4
0 eq modulator,P02,165.2
0 eq modulator,P03,222.5
0 eq modulator,P04,170.9
0 eq modulator,P05,260.0
0 eq modulator,P06,177.3
0 eq modulator,P07,137.3
0 eq modulator,P08,103.0
0 eq modulator,P09,161.5
0 eq modulator,P10,141.9
0 eq modulator,P11,232.1
0 eq modulator,P12,119.8
0 eq modulator,P13,158.2
0 eq modulator,P14,219.1
0 eq modulator,P15,119.7
0 eq modulator,P16,170.3
0 eq modulator,P17,164.0
0 eq modulator,P18,152.0
0 eq modulator,P19,112.6
0 eq modulator,P20,112.1
0 eq modulator,P21,127.9
0 eq modulator,P22,160.2
0 eq modulator,P23,260.0
0 eq modulator,P24,159.0
0 eq modulator,P25,178.5
0 eq modulator,P26,138.8
0 eq modulator,P27,135.7
0 eq modulator,P28,103.5
0 eq modulator,P29,178.7
0 eq modulator,P30,248.6
0 eq modulator,P31,152.6
0 eq modulator,P32,105.3
0 eq modulator,P33,195.2
0 eq modulator,P34,260.0
0 eq modulator,P35,153.9
0 eq modulator,P36,124.1
20 eq modulator,P01,68.3
20 eq modulator,P02,119.3
20 eq modulator,P03,155.6
20 eq modulator,P04,174.8
20 eq modulator,P05,139.2
20 eq modulator,P06,60.3
20 eq modulator,P07,69.3
20 eq modulator,P08,147.9
20 eq modulator,P09,195.4
20 eq modulator,P10,137.5
20 eq modulator,P11,90.5
20 eq modulator,P12,144.8
20 eq modulator,P13,118.2
20 eq modulator,P14,123.8
20 eq modulator,P15,90.4
20 eq modulator,P16,119.5
20 eq modulator,P17,90.8
20 eq modulator,P18,90.0
20 eq modulator,P19,85.7
20 eq modulator,P20,131.7
20 eq modulator,P21,125.6
20 eq modulator,P22,113.3
20 eq modulator,P23,64.7
20 eq modulator,P24,129.0
20 eq modulator,P25,79.3
20 eq modulator,P26,113.0
20 eq modulator,P27,119.4
20 eq modulator,P28,120.5
20 eq modulator,P29,94.4
20 eq modulator,P30,111.3
20 eq modulator,P31,80.3
20 eq modulator,P32,96.0
20 eq modulator,P33,119.7
20 eq modulator,P34,108.0
20 eq modulator,P35,104.3
20 eq modulator,P36,72.9
40 eq modulator,P01,60.1
40 eq modulator,P02,87.5
40 eq modulator,P03,89.3
40 eq modulator,P04,67.2
40 eq modulator,P05,70.0
40 eq modulator,P06,100.8
40 eq modulator,P07,59.2
40 eq modulator,P08,120.0
40 eq modulator,P09,65.5
40 eq modulator,P10,83.2
40 eq modulator,P11,71.8
40 eq modulator,P12,101.2
40 eq modulator,P13,70.9
40 eq modulator,P14,67.7
40 eq modulator,P15,139.9
40 eq modulator,P16,70.1
40 eq modulator,P17,77.0
40 eq modulator,P18,94.9
40 eq modulator,P19,56.9
40 eq modulator,P20,71.7
40 eq modulator,P21,67.6
40 eq modulator,P22,83.7
40 eq modulator,P23,69.5
40 eq modulator,P24,64.7
40 eq modulator,P25,74.9
40 eq modulator,P26,64.2
40 eq modulator,P27,82.0
40 eq modulator,P28,76.9
40 eq modulator,P29,104.8
40 eq modulator,P30,63.8
40 eq modulator,P31,76.9
40 eq modulator,P32,84.5
40 eq modulator,P33,74.0
40 eq modulator,P34,64.5
40 eq modulator,P35,105.3
40 eq modulator,P36,67.9
